{
  "algorithm": "FACMAC",
  "environment": "simple_spread",
  "final_eval_reward": -52.435432794092705,
  "final_eval_std": 13.772001543519467,
  "best_eval_reward": -46.51553318394436,
  "final_win_rate": 0.0,
  "total_time": 1079.0366897583008,
  "metrics": {
    "algorithm": "FACMAC",
    "environment": "simple_spread",
    "n_evaluations": 8,
    "stability": {
      "variance": 18.88106199221713,
      "std": 4.345234400146571,
      "cv": 0.08170841042968739,
      "oscillation_rate": 0.6666666666666666,
      "monotonicity": 0.3154243729732572,
      "stability_score": 0.5719596516216465
    },
    "convergence": {
      "best_reward": -46.51553318394436,
      "best_step": 320000,
      "final_reward": -52.435432794092705,
      "auc": -52.53449179664118,
      "steps_to_90pct": null,
      "convergence_speed": 0.10526338013450963,
      "time_to_best_sec": 363.0547745227814,
      "total_time_sec": 1079.0364599227905
    },
    "learning_curve": {
      "steps": [
        0,
        160000,
        320000,
        480000,
        640000,
        800000,
        960000,
        1000192
      ],
      "rewards": [
        -62.96379186444225,
        -50.99924478161517,
        -46.51553318394436,
        -55.14708932913369,
        -52.12055923794584,
        -52.63070216575342,
        -52.62579943991629,
        -52.435432794092705
      ],
      "stds": [
        14.50135848052424,
        7.328838835551151,
        16.165352657584304,
        10.856601654407415,
        16.010364328851992,
        12.203024703238384,
        15.291567839819058,
        13.772001543519467
      ]
    }
  }
}