{
  "algorithm": "FACMAC",
  "environment": "academy_3_vs_1_with_keeper",
  "final_eval_reward": 1.9524136830866339,
  "final_eval_std": 1.7438609958192595,
  "best_eval_reward": 3.3666666666666663,
  "final_win_rate": 0.6,
  "total_time": 2149.850875854492,
  "metrics": {
    "algorithm": "FACMAC",
    "environment": "academy_3_vs_1_with_keeper",
    "n_evaluations": 8,
    "stability": {
      "variance": 0.18364399872807163,
      "std": 0.4285370447558433,
      "cv": 0.16939449601753856,
      "oscillation_rate": 0.6666666666666666,
      "monotonicity": 0.0,
      "stability_score": 0.5446441656322948
    },
    "convergence": {
      "best_reward": 3.3666666666666663,
      "best_step": 800000,
      "final_reward": 1.9524136830866339,
      "auc": 2.5922639102920875,
      "steps_to_90pct": 800000,
      "convergence_speed": -0.007074504864199737,
      "time_to_best_sec": 1715.432810306549,
      "total_time_sec": 2149.839390516281
    },
    "learning_curve": {
      "steps": [
        0,
        160000,
        320000,
        480000,
        640000,
        800000,
        960000,
        1000192
      ],
      "rewards": [
        2.66,
        2.6599999999999997,
        2.66187131245931,
        1.9654609961311025,
        2.310306022465229,
        3.3666666666666663,
        2.661815856297811,
        1.9524136830866339
      ],
      "stds": [
        1.4133333333333333,
        1.4133333333333333,
        1.4142798222699138,
        1.7305060898850804,
        1.6136243779078538,
        4.440892098500626e-16,
        1.414251461852594,
        1.7438609958192595
      ]
    }
  }
}