{
  "algorithm": "VDN",
  "environment": "academy_3_vs_1_with_keeper",
  "final_eval_reward": -0.4057060778141022,
  "final_eval_std": 0.006482341792434454,
  "best_eval_reward": -0.40112271904945374,
  "final_win_rate": 0.0,
  "total_time": 1100.9791219234467,
  "metrics": {
    "algorithm": "VDN",
    "environment": "academy_3_vs_1_with_keeper",
    "n_evaluations": 8,
    "stability": {
      "variance": 1.823689217417268e-06,
      "std": 0.0013504404341802,
      "cv": 0.0033415730576962233,
      "oscillation_rate": 0.6666666666666666,
      "monotonicity": 0.0,
      "stability_score": 0.5987994470143848
    },
    "convergence": {
      "best_reward": -0.40112271904945374,
      "best_step": 0,
      "final_reward": -0.4057060778141022,
      "auc": -0.40417449989830223,
      "steps_to_90pct": null,
      "convergence_speed": -4.5824789286941286e-05,
      "time_to_best_sec": 0.15079903602600098,
      "total_time_sec": 1100.9773745536804
    },
    "learning_curve": {
      "steps": [
        0,
        160000,
        320000,
        480000,
        640000,
        800000,
        960000,
        1000192
      ],
      "rewards": [
        -0.40112271904945374,
        -0.40478938817977905,
        -0.4056227207183838,
        -0.4041227400302887,
        -0.4042893946170807,
        -0.40362271666526794,
        -0.40378937125205994,
        -0.4057060778141022
      ],
      "stds": [
        0.0013333320384845138,
        0.004521549213677645,
        0.006193629000335932,
        0.0037416538689285517,
        0.00429792795330286,
        0.0022912856657058,
        0.004932878073304892,
        0.006482341792434454
      ]
    }
  }
}