{
  "algorithm": "QMIX",
  "environment": "academy_3_vs_1_with_keeper",
  "final_eval_reward": 2.1300000000000003,
  "final_eval_std": 1.685292589169937,
  "best_eval_reward": 2.1300000000000003,
  "final_win_rate": 0.65,
  "total_time": 1209.9671223163605,
  "metrics": {
    "algorithm": "QMIX",
    "environment": "academy_3_vs_1_with_keeper",
    "n_evaluations": 8,
    "stability": {
      "variance": 0.7562730458612841,
      "std": 0.8696396068839575,
      "cv": 0.745783843119173,
      "oscillation_rate": 0.3333333333333333,
      "monotonicity": 0.9274178528995959,
      "stability_score": 0.48097337241292476
    },
    "convergence": {
      "best_reward": 2.1300000000000003,
      "best_step": 1000192,
      "final_reward": 2.1300000000000003,
      "auc": 1.0957220334141096,
      "steps_to_90pct": 800000,
      "convergence_speed": 0.023591083800789645,
      "time_to_best_sec": 1209.9375839233398,
      "total_time_sec": 1209.9375839233398
    },
    "learning_curve": {
      "steps": [
        0,
        160000,
        320000,
        480000,
        640000,
        800000,
        960000,
        1000192
      ],
      "rewards": [
        -0.22956132888793945,
        -0.2119225710630417,
        1.2253089699149133,
        1.2451087773839633,
        1.2518382517496744,
        1.9644914784034093,
        1.9533333333333336,
        2.1300000000000003
      ],
      "stds": [
        0.0009188998956233263,
        0.003012071829289198,
        1.7484588313286096,
        1.7358870427964137,
        1.7267631215084054,
        1.7259452651819003,
        1.730972751566779,
        1.685292589169937
      ]
    }
  }
}