{
  "algorithm": "QMIX",
  "environment": "simple_world_comm",
  "final_eval_reward": -261.0641970122851,
  "final_eval_std": 58.677951540788456,
  "best_eval_reward": -243.1934140646571,
  "final_win_rate": 0.0,
  "total_time": 1046.8438074588776,
  "metrics": {
    "algorithm": "QMIX",
    "environment": "simple_world_comm",
    "n_evaluations": 8,
    "stability": {
      "variance": 282.18693349492713,
      "std": 16.79842056548553,
      "cv": 0.06135832883504273,
      "oscillation_rate": 0.6666666666666666,
      "monotonicity": 0.1340723039929884,
      "stability_score": 0.5786953328818389
    },
    "convergence": {
      "best_reward": -243.1934140646571,
      "best_step": 160000,
      "final_reward": -261.0641970122851,
      "auc": -275.23161491579305,
      "steps_to_90pct": null,
      "convergence_speed": 0.20551697228874938,
      "time_to_best_sec": 172.87472414970398,
      "total_time_sec": 1046.84361577034
    },
    "learning_curve": {
      "steps": [
        0,
        160000,
        320000,
        480000,
        640000,
        800000,
        960000,
        1000192
      ],
      "rewards": [
        -281.619840167028,
        -243.1934140646571,
        -282.3011438322043,
        -302.9335805098213,
        -283.7561439822821,
        -266.6584137186257,
        -268.67901506674843,
        -261.0641970122851
      ],
      "stds": [
        59.02878844432893,
        73.37159295521444,
        63.273570509620484,
        69.85141230329114,
        94.82489228244484,
        69.62172618856567,
        54.656442217292486,
        58.677951540788456
      ]
    }
  }
}