{
  "algorithm": "VDN",
  "environment": "simple_spread",
  "final_eval_reward": -66.86955841561182,
  "final_eval_std": 14.607509398939547,
  "best_eval_reward": -60.41385180714501,
  "final_win_rate": 0.0,
  "total_time": 1132.9429047107697,
  "metrics": {
    "algorithm": "VDN",
    "environment": "simple_spread",
    "n_evaluations": 8,
    "stability": {
      "variance": 29.990696399850826,
      "std": 5.476376210584042,
      "cv": 0.0822261892425735,
      "oscillation_rate": 0.8333333333333334,
      "monotonicity": 0.0,
      "stability_score": 0.52204068222076
    },
    "convergence": {
      "best_reward": -60.41385180714501,
      "best_step": 800000,
      "final_reward": -66.86955841561182,
      "auc": -66.8075173524047,
      "steps_to_90pct": null,
      "convergence_speed": -0.02415119478987636,
      "time_to_best_sec": 913.7667989730835,
      "total_time_sec": 1132.9427409172058
    },
    "learning_curve": {
      "steps": [
        0,
        160000,
        320000,
        480000,
        640000,
        800000,
        960000,
        1000192
      ],
      "rewards": [
        -64.45397523368422,
        -60.84848546256795,
        -76.34961438129986,
        -64.06559426235377,
        -74.40913550334481,
        -60.41385180714501,
        -65.40068238938278,
        -66.86955841561182
      ],
      "stds": [
        11.81131570514007,
        14.451203031526601,
        15.755216087217956,
        8.967678972428129,
        17.35308472683664,
        14.002092616485278,
        16.422935060944017,
        14.607509398939547
      ]
    }
  }
}