{
  "algorithm": "VDN",
  "environment": "simple_world_comm",
  "final_eval_reward": -269.2967848588704,
  "final_eval_std": 73.34802008097671,
  "best_eval_reward": -212.80120663201447,
  "final_win_rate": 0.0,
  "total_time": 1049.1961250305176,
  "metrics": {
    "algorithm": "VDN",
    "environment": "simple_world_comm",
    "n_evaluations": 8,
    "stability": {
      "variance": 617.6078141091457,
      "std": 24.851716522388262,
      "cv": 0.09436881553769941,
      "oscillation_rate": 0.3333333333333333,
      "monotonicity": 0.0,
      "stability_score": 0.700426206397993
    },
    "convergence": {
      "best_reward": -212.80120663201447,
      "best_step": 480000,
      "final_reward": -269.2967848588704,
      "auc": -258.99928060801415,
      "steps_to_90pct": null,
      "convergence_speed": 0.18808900094417574,
      "time_to_best_sec": 509.56938791275024,
      "total_time_sec": 1049.1958808898926
    },
    "learning_curve": {
      "steps": [
        0,
        160000,
        320000,
        480000,
        640000,
        800000,
        960000,
        1000192
      ],
      "rewards": [
        -288.1092962621061,
        -267.7002731362983,
        -233.79306983122123,
        -212.80120663201447,
        -272.73381080505976,
        -273.37131726608794,
        -288.96787237341647,
        -269.2967848588704
      ],
      "stds": [
        26.230865785739795,
        62.80872867707802,
        71.86912915750746,
        76.64363191070868,
        51.50579632288739,
        83.31992807639861,
        68.32475823181493,
        73.34802008097671
      ]
    }
  }
}