{
  "algorithm": "VDN",
  "environment": "simple_world_comm",
  "final_eval_reward": -108.06234632915752,
  "final_eval_std": 42.124780100539084,
  "best_eval_reward": -85.3901150905637,
  "final_win_rate": 0.0,
  "total_time": 1128.4313790798187,
  "metrics": {
    "algorithm": "VDN",
    "environment": "simple_world_comm",
    "n_evaluations": 8,
    "stability": {
      "variance": 2568.8395922916966,
      "std": 50.683721176445765,
      "cv": 0.3755411701283903,
      "oscillation_rate": 1.0,
      "monotonicity": 0.5376052032371624,
      "stability_score": 0.4209567119167012
    },
    "convergence": {
      "best_reward": -85.3901150905637,
      "best_step": 480000,
      "final_reward": -108.06234632915752,
      "auc": -128.5624406952795,
      "steps_to_90pct": null,
      "convergence_speed": 1.5568387966762405,
      "time_to_best_sec": 550.0436956882477,
      "total_time_sec": 1128.4307608604431
    },
    "learning_curve": {
      "steps": [
        0,
        160000,
        320000,
        480000,
        640000,
        800000,
        960000,
        1000192
      ],
      "rewards": [
        -263.77611730167774,
        -115.1650082578258,
        -131.9872399727795,
        -85.3901150905637,
        -121.44995120642125,
        -121.25888142585936,
        -132.60492962132423,
        -108.06234632915752
      ],
      "stds": [
        32.210792593245145,
        52.30940221078496,
        62.22428241041238,
        27.551681153739665,
        80.19552851709634,
        87.51081731575465,
        57.242313003429196,
        42.124780100539084
      ]
    }
  }
}