{
  "algorithm": "VDN",
  "environment": "simple_spread",
  "final_eval_reward": -44.98109789153217,
  "final_eval_std": 8.050497437415821,
  "best_eval_reward": -40.14554179660732,
  "final_win_rate": 0.0,
  "total_time": 1302.2410728931427,
  "metrics": {
    "algorithm": "VDN",
    "environment": "simple_spread",
    "n_evaluations": 8,
    "stability": {
      "variance": 89.31374498822898,
      "std": 9.450594954193571,
      "cv": 0.18497783594271308,
      "oscillation_rate": 0.6666666666666666,
      "monotonicity": 0.6922616739315318,
      "stability_score": 0.5400604698098243
    },
    "convergence": {
      "best_reward": -40.14554179660732,
      "best_step": 640000,
      "final_reward": -44.98109789153217,
      "auc": -50.27820293677277,
      "steps_to_90pct": null,
      "convergence_speed": 0.2837801445668599,
      "time_to_best_sec": 851.1177363395691,
      "total_time_sec": 1302.2433898448944
    },
    "learning_curve": {
      "steps": [
        0,
        160000,
        320000,
        480000,
        640000,
        800000,
        960000,
        1000192
      ],
      "rewards": [
        -73.36456092699385,
        -56.2731864867324,
        -46.55911174833683,
        -50.20207896899656,
        -40.14554179660732,
        -48.02445098199287,
        -49.1733149888341,
        -44.98109789153217
      ],
      "stds": [
        19.355823716684743,
        9.848126839677425,
        9.42455534884977,
        10.424076052090745,
        7.0151658063510025,
        8.96016201330623,
        11.783685558932838,
        8.050497437415821
      ]
    }
  }
}