{
  "algorithm": "MAPPO",
  "environment": "simple_world_comm",
  "final_eval_reward": -54.36264707151247,
  "final_eval_std": 10.669092323853324,
  "best_eval_reward": -54.36264707151247,
  "final_win_rate": 0.0,
  "total_time": 1312.738552570343,
  "metrics": {
    "algorithm": "MAPPO",
    "environment": "simple_world_comm",
    "n_evaluations": 8,
    "stability": {
      "variance": 4556.456869556973,
      "std": 67.5015323496954,
      "cv": 0.6658788196995795,
      "oscillation_rate": 0.3333333333333333,
      "monotonicity": 0.7371466745393341,
      "stability_score": 0.500197039360203
    },
    "convergence": {
      "best_reward": -54.36264707151247,
      "best_step": 1000192,
      "final_reward": -54.36264707151247,
      "auc": -96.81989383413274,
      "steps_to_90pct": null,
      "convergence_speed": 2.1609940432873387,
      "time_to_best_sec": 1312.7240090370178,
      "total_time_sec": 1312.7240090370178
    },
    "learning_curve": {
      "steps": [
        0,
        160000,
        320000,
        480000,
        640000,
        800000,
        960000,
        1000192
      ],
      "rewards": [
        -270.50354248587746,
        -127.1407402197337,
        -81.50690696705222,
        -65.01285517243886,
        -62.949783476419626,
        -88.20279476009914,
        -61.29750643392963,
        -54.36264707151247
      ],
      "stds": [
        93.55396114643142,
        93.73729159171963,
        39.26220567466398,
        6.4735383535709525,
        6.387644871144864,
        54.854862961754876,
        11.858867223180566,
        10.669092323853324
      ]
    }
  }
}