{
  "algorithm": "H3C",
  "environment": "simple_world_comm",
  "final_eval_reward": -34.80508235599998,
  "final_eval_std": 8.604610115589264,
  "best_eval_reward": -34.53866044279743,
  "final_win_rate": 0.0,
  "total_time": 12132.412980794907,
  "metrics": {
    "algorithm": "H3C",
    "environment": "simple_world_comm",
    "n_evaluations": 8,
    "stability": {
      "variance": 4317.379692364506,
      "std": 65.70677052149577,
      "cv": 1.0286170517933941,
      "oscillation_rate": 0.6666666666666666,
      "monotonicity": 0.6182302872239721,
      "stability_score": 0.3710184546253802
    },
    "convergence": {
      "best_reward": -34.53866044279743,
      "best_step": 800000,
      "final_reward": -34.80508235599998,
      "auc": -55.617703918571685,
      "steps_to_90pct": null,
      "convergence_speed": 2.023991332823345,
      "time_to_best_sec": 9718.49079322815,
      "total_time_sec": 12132.413097143173
    },
    "learning_curve": {
      "steps": [
        0,
        160000,
        320000,
        480000,
        640000,
        800000,
        960000,
        1000192
      ],
      "rewards": [
        -237.2430762719247,
        -51.119171623999755,
        -37.9691192674313,
        -37.18838955049106,
        -39.97872706695932,
        -34.53866044279743,
        -38.18776583155466,
        -34.80508235599998
      ],
      "stds": [
        148.92492103883814,
        17.096606420614442,
        3.871430713632485,
        13.4982226964003,
        16.70453272226545,
        11.534021166610795,
        12.351727942079238,
        8.604610115589264
      ]
    }
  }
}