{
  "algorithm": "COMA",
  "environment": "simple_spread",
  "final_eval_reward": -32.84322141004877,
  "final_eval_std": 10.971160358271561,
  "best_eval_reward": -27.02559987331538,
  "final_win_rate": 0.0,
  "total_time": 2081.557818174362,
  "metrics": {
    "algorithm": "COMA",
    "environment": "simple_spread",
    "n_evaluations": 8,
    "stability": {
      "variance": 157.9521440573755,
      "std": 12.567901338623546,
      "cv": 0.3455527945965254,
      "oscillation_rate": 0.8333333333333334,
      "monotonicity": 0.5946063563969415,
      "stability_score": 0.4589500971076867
    },
    "convergence": {
      "best_reward": -27.02559987331538,
      "best_step": 320000,
      "final_reward": -32.84322141004877,
      "auc": -34.78550199827216,
      "steps_to_90pct": null,
      "convergence_speed": 0.3597604981971263,
      "time_to_best_sec": 665.7806758880615,
      "total_time_sec": 2081.560218334198
    },
    "learning_curve": {
      "steps": [
        0,
        160000,
        320000,
        480000,
        640000,
        800000,
        960000,
        1000192
      ],
      "rewards": [
        -68.82617863132678,
        -35.39450971411413,
        -27.02559987331538,
        -33.96941165901701,
        -32.115644936111124,
        -33.06164835601138,
        -27.727170121905992,
        -32.84322141004877
      ],
      "stds": [
        28.550420699600508,
        10.417291005221951,
        8.607654645300094,
        6.526446238339838,
        9.076587606604052,
        11.231098187074567,
        11.054463899084135,
        10.971160358271561
      ]
    }
  }
}