{
  "algorithm": "H3C",
  "environment": "simple_world_comm",
  "final_eval_reward": -37.04463242274626,
  "final_eval_std": 10.63906575221589,
  "best_eval_reward": -34.86324783611981,
  "final_win_rate": 0.0,
  "total_time": 10649.565785884857,
  "metrics": {
    "algorithm": "H3C",
    "environment": "simple_world_comm",
    "n_evaluations": 8,
    "stability": {
      "variance": 4306.305403782388,
      "std": 65.62244588387716,
      "cv": 1.0243712242741485,
      "oscillation_rate": 0.5,
      "monotonicity": 0.6158803451741822,
      "stability_score": 0.3961382503429295
    },
    "convergence": {
      "best_reward": -34.86324783611981,
      "best_step": 640000,
      "final_reward": -37.04463242274626,
      "auc": -55.61613822956528,
      "steps_to_90pct": null,
      "convergence_speed": 2.001600131266581,
      "time_to_best_sec": 6804.690185785294,
      "total_time_sec": 10649.56556725502
    },
    "learning_curve": {
      "steps": [
        0,
        160000,
        320000,
        480000,
        640000,
        800000,
        960000,
        1000192
      ],
      "rewards": [
        -237.2430762719247,
        -50.24264104827996,
        -37.86076393528921,
        -42.45189970709323,
        -34.86324783611981,
        -35.901360985433186,
        -36.881946643516244,
        -37.04463242274626
      ],
      "stds": [
        148.92492103883814,
        6.943988074080875,
        5.710806712328267,
        8.469196971658437,
        8.20884116402331,
        11.281647536218161,
        8.089642044898833,
        10.63906575221589
      ]
    }
  }
}