{
  "algorithm": "FACMAC",
  "environment": "simple_world_comm",
  "final_eval_reward": -74.2343961025974,
  "final_eval_std": 20.570688844814704,
  "best_eval_reward": -63.49061172877076,
  "final_win_rate": 0.0,
  "total_time": 1769.140394449234,
  "metrics": {
    "algorithm": "FACMAC",
    "environment": "simple_world_comm",
    "n_evaluations": 8,
    "stability": {
      "variance": 6356.919685894614,
      "std": 79.73029340153349,
      "cv": 0.5709497611073844,
      "oscillation_rate": 0.8333333333333334,
      "monotonicity": 0.7579711139545879,
      "stability_score": 0.4159243985503375
    },
    "convergence": {
      "best_reward": -63.49061172877076,
      "best_step": 480000,
      "final_reward": -74.2343961025974,
      "auc": -143.01280282185428,
      "steps_to_90pct": null,
      "convergence_speed": 1.8882793256809136,
      "time_to_best_sec": 845.6819274425507,
      "total_time_sec": 1769.1391925811768
    },
    "learning_curve": {
      "steps": [
        0,
        160000,
        320000,
        480000,
        640000,
        800000,
        960000,
        1000192
      ],
      "rewards": [
        -263.09858363374184,
        -181.49040790375767,
        -256.4067369833222,
        -63.49061172877076,
        -65.62371544710275,
        -141.50507262921082,
        -71.31067189970258,
        -74.2343961025974
      ],
      "stds": [
        113.54180979886485,
        47.83216014513976,
        111.15975236738582,
        5.071216022147588,
        11.837441329237834,
        101.00701582134575,
        10.610780053953736,
        20.570688844814704
      ]
    }
  }
}