{
  "algorithm": "COMA",
  "environment": "simple_world_comm",
  "final_eval_reward": -254.82577326204802,
  "final_eval_std": 63.13137340377152,
  "best_eval_reward": -195.2602951773978,
  "final_win_rate": 0.0,
  "total_time": 1046.8582389354706,
  "metrics": {
    "algorithm": "COMA",
    "environment": "simple_world_comm",
    "n_evaluations": 8,
    "stability": {
      "variance": 700.1158085142163,
      "std": 26.459701595335808,
      "cv": 0.10912094636335379,
      "oscillation_rate": 0.6666666666666666,
      "monotonicity": 0.36768851574606065,
      "stability_score": 0.5631304062841747
    },
    "convergence": {
      "best_reward": -195.2602951773978,
      "best_step": 960000,
      "final_reward": -254.82577326204802,
      "auc": -241.34040107809486,
      "steps_to_90pct": null,
      "convergence_speed": 0.1567475966997281,
      "time_to_best_sec": 1004.1732020378113,
      "total_time_sec": 1046.858004808426
    },
    "learning_curve": {
      "steps": [
        0,
        160000,
        320000,
        480000,
        640000,
        800000,
        960000,
        1000192
      ],
      "rewards": [
        -270.50354248587746,
        -270.5974844617346,
        -212.71831015849594,
        -227.27475734447566,
        -265.39994535388036,
        -243.2638888731678,
        -195.2602951773978,
        -254.82577326204802
      ],
      "stds": [
        93.55396114643142,
        123.38710414016445,
        60.29226272691899,
        83.10215889005963,
        52.578646473747284,
        73.58921387983374,
        64.42853995761263,
        63.13137340377152
      ]
    }
  }
}