{
  "algorithm": "QMIX",
  "environment": "simple_spread",
  "final_eval_reward": -61.20183456766709,
  "final_eval_std": 13.645231645788687,
  "best_eval_reward": -52.479856391474684,
  "final_win_rate": 0.0,
  "total_time": 1133.8026764392853,
  "metrics": {
    "algorithm": "QMIX",
    "environment": "simple_spread",
    "n_evaluations": 8,
    "stability": {
      "variance": 13.578492616823274,
      "std": 3.684900625094695,
      "cv": 0.06452120206917698,
      "oscillation_rate": 0.8333333333333334,
      "monotonicity": 0.0,
      "stability_score": 0.5269107728469363
    },
    "convergence": {
      "best_reward": -52.479856391474684,
      "best_step": 640000,
      "final_reward": -61.20183456766709,
      "auc": -56.51188137316608,
      "steps_to_90pct": null,
      "convergence_speed": -0.010005015370989058,
      "time_to_best_sec": 737.7942066192627,
      "total_time_sec": 1133.8024067878723
    },
    "learning_curve": {
      "steps": [
        0,
        160000,
        320000,
        480000,
        640000,
        800000,
        960000,
        1000192
      ],
      "rewards": [
        -60.20114093427306,
        -54.50376791183707,
        -60.54947968713812,
        -53.46252724639678,
        -52.479856391474684,
        -61.04970502200987,
        -53.44343940576042,
        -61.20183456766709
      ],
      "stds": [
        15.887153595306827,
        11.641016395116353,
        10.913747390901397,
        14.047205184399244,
        9.400108113719766,
        9.984234649254248,
        9.172772828837823,
        13.645231645788687
      ]
    }
  }
}