{
  "algorithm": "VDN",
  "environment": "academy_3_vs_1_with_keeper",
  "final_eval_reward": 2.4860394390424094,
  "final_eval_std": 1.5315533356293676,
  "best_eval_reward": 2.4860394390424094,
  "final_win_rate": 0.75,
  "total_time": 1366.5786271095276,
  "metrics": {
    "algorithm": "VDN",
    "environment": "academy_3_vs_1_with_keeper",
    "n_evaluations": 8,
    "stability": {
      "variance": 0.15462646002709504,
      "std": 0.39322571129962375,
      "cv": 0.19439689759130713,
      "oscillation_rate": 0.5,
      "monotonicity": 0.6985248402778801,
      "stability_score": 0.5901804951493735
    },
    "convergence": {
      "best_reward": 2.4860394390424094,
      "best_step": 1000192,
      "final_reward": 2.4860394390424094,
      "auc": 1.9462119616239835,
      "steps_to_90pct": 480000,
      "convergence_speed": 0.00526883330543531,
      "time_to_best_sec": 1366.5617427825928,
      "total_time_sec": 1366.5617427825928
    },
    "learning_curve": {
      "steps": [
        0,
        160000,
        320000,
        480000,
        640000,
        800000,
        960000,
        1000192
      ],
      "rewards": [
        1.959054946899414,
        1.2435175585746765,
        1.6124294033646585,
        2.2979538062214853,
        2.3129574916263422,
        1.9656641022364298,
        2.3047695420185725,
        2.4860394390424094
      ],
      "stds": [
        1.7266960144042969,
        1.733620242539892,
        1.7616411326941703,
        1.6325258020678632,
        1.60964930637314,
        1.7269606436015266,
        1.6260317186070956,
        1.5315533356293676
      ]
    }
  }
}