{
  "algorithm": "MAPPO",
  "environment": "academy_3_vs_1_with_keeper",
  "final_eval_reward": 3.3829352998733517,
  "final_eval_std": 0.024093413462808373,
  "best_eval_reward": 3.3829352998733517,
  "final_win_rate": 1.0,
  "total_time": 1843.168928861618,
  "metrics": {
    "algorithm": "MAPPO",
    "environment": "academy_3_vs_1_with_keeper",
    "n_evaluations": 8,
    "stability": {
      "variance": 0.1488727186306773,
      "std": 0.38584027606080384,
      "cv": 0.12427332623242784,
      "oscillation_rate": 0.8333333333333334,
      "monotonicity": 0.7084396085450466,
      "stability_score": 0.5108278494627829
    },
    "convergence": {
      "best_reward": 3.3829352998733517,
      "best_step": 1000192,
      "final_reward": 3.3829352998733517,
      "auc": 3.0863674873167284,
      "steps_to_90pct": 320000,
      "convergence_speed": 0.007310285591394427,
      "time_to_best_sec": 1843.1531074047089,
      "total_time_sec": 1843.1531074047089
    },
    "learning_curve": {
      "steps": [
        0,
        160000,
        320000,
        480000,
        640000,
        800000,
        960000,
        1000192
      ],
      "rewards": [
        2.6517663832505542,
        2.3154528863231336,
        3.368762893676758,
        3.368774890899658,
        3.0155442825953167,
        3.3675488074620565,
        3.3673862059911093,
        3.3829352998733517
      ],
      "stds": [
        1.4298005668322247,
        1.6098340819096262,
        0.005393433636512982,
        0.0008756718598306179,
        1.0599245401351194,
        0.0010297062619650872,
        0.0007794250257498613,
        0.024093413462808373
      ]
    }
  }
}