{
  "algorithm": "COMA",
  "environment": "academy_3_vs_1_with_keeper",
  "final_eval_reward": 2.1300000000000003,
  "final_eval_std": 1.685292589169937,
  "best_eval_reward": 3.013333333333333,
  "final_win_rate": 0.65,
  "total_time": 3013.1153757572174,
  "metrics": {
    "algorithm": "COMA",
    "environment": "academy_3_vs_1_with_keeper",
    "n_evaluations": 8,
    "stability": {
      "variance": 0.30466541625386917,
      "std": 0.5519650498481486,
      "cv": 0.2561715140864817,
      "oscillation_rate": 1.0,
      "monotonicity": 0.0,
      "stability_score": 0.4432287145531564
    },
    "convergence": {
      "best_reward": 3.013333333333333,
      "best_step": 320000,
      "final_reward": 2.1300000000000003,
      "auc": 2.087686812569741,
      "steps_to_90pct": 320000,
      "convergence_speed": -0.0052166622333567345,
      "time_to_best_sec": 964.6214971542358,
      "total_time_sec": 3013.113859653473
    },
    "learning_curve": {
      "steps": [
        0,
        160000,
        320000,
        480000,
        640000,
        800000,
        960000,
        1000192
      ],
      "rewards": [
        2.6517663832505542,
        1.6102191930015883,
        3.013333333333333,
        1.9533333333333336,
        1.9601002727945644,
        1.2517899370193484,
        2.6668167225519817,
        2.1300000000000003
      ],
      "stds": [
        1.4298005668322247,
        1.75653665588869,
        1.06,
        1.730972751566779,
        1.7261335172018253,
        1.7373041081094571,
        1.4168240052281968,
        1.685292589169937
      ]
    }
  }
}