{
  "algorithm": "H3C",
  "environment": "2c_vs_64zg",
  "final_eval_reward": 31.699999999999996,
  "final_eval_std": 0.2863564212655262,
  "best_eval_reward": 31.859999999999996,
  "final_win_rate": 1.0,
  "total_time": 14554.659654378891,
  "metrics": {
    "algorithm": "H3C",
    "environment": "2c_vs_64zg",
    "n_evaluations": 8,
    "stability": {
      "variance": 29.875199999999996,
      "std": 5.465821072812391,
      "cv": 0.18428257157155736,
      "oscillation_rate": 0.8333333333333334,
      "monotonicity": 0.5784999522299697,
      "stability_score": 0.4956344751094433
    },
    "convergence": {
      "best_reward": 31.859999999999996,
      "best_step": 960000,
      "final_reward": 31.699999999999996,
      "auc": 30.399465062707957,
      "steps_to_90pct": 160000,
      "convergence_speed": 0.16496832608139236,
      "time_to_best_sec": 13955.430407047272,
      "total_time_sec": 14554.639421701431
    },
    "learning_curve": {
      "steps": [
        0,
        160000,
        320000,
        480000,
        640000,
        800000,
        960000,
        1000192
      ],
      "rewards": [
        15.199999999999998,
        31.799999999999994,
        31.679999999999996,
        31.679999999999996,
        31.619999999999997,
        31.74,
        31.859999999999996,
        31.699999999999996
      ],
      "stds": [
        0.5709640969448078,
        0.3794733192202055,
        0.23999999999999988,
        0.34871191548325264,
        0.22715633383201056,
        0.3104834939251997,
        0.2835489375751565,
        0.2863564212655262
      ]
    }
  }
}