{
  "algorithm": "QMIX",
  "environment": "simple_world_comm",
  "final_eval_reward": -135.74814360483322,
  "final_eval_std": 50.49611467169423,
  "best_eval_reward": -134.63872432769682,
  "final_win_rate": 0.0,
  "total_time": 777.5269341468811,
  "metrics": {
    "algorithm": "QMIX",
    "environment": "simple_world_comm",
    "n_evaluations": 8,
    "stability": {
      "variance": 3066.8529407674123,
      "std": 55.3791742514044,
      "cv": 0.2800398943362618,
      "oscillation_rate": 0.5,
      "monotonicity": 0.9100535537928618,
      "stability_score": 0.5617851617718255
    },
    "convergence": {
      "best_reward": -134.63872432769682,
      "best_step": 800000,
      "final_reward": -135.74814360483322,
      "auc": -203.35583394507395,
      "steps_to_90pct": null,
      "convergence_speed": 1.2451110915975816,
      "time_to_best_sec": 629.0331017971039,
      "total_time_sec": 777.5263817310333
    },
    "learning_curve": {
      "steps": [
        0,
        160000,
        320000,
        480000,
        640000,
        800000,
        960000,
        1000192
      ],
      "rewards": [
        -260.28315889755004,
        -287.8631769518004,
        -240.59131099542614,
        -201.89181560235141,
        -155.47826783786908,
        -134.63872432769682,
        -165.54211502039715,
        -135.74814360483322
      ],
      "stds": [
        79.57782642968908,
        90.1023084256546,
        82.38782388023547,
        56.95062036892393,
        37.22424459996953,
        39.84617945911884,
        61.00520836281069,
        50.49611467169423
      ]
    }
  }
}