{
  "algorithm": "H3C",
  "environment": "simple_spread",
  "final_eval_reward": -12.824137818386836,
  "final_eval_std": 3.3084579535024035,
  "best_eval_reward": -12.04812032173598,
  "final_win_rate": 0.0,
  "total_time": 11514.07468533516,
  "metrics": {
    "algorithm": "H3C",
    "environment": "simple_spread",
    "n_evaluations": 8,
    "stability": {
      "variance": 62.3575852706731,
      "std": 7.896681915252323,
      "cv": 0.42730060875274717,
      "oscillation_rate": 0.5,
      "monotonicity": 0.8156475214194345,
      "stability_score": 0.5188604182754605
    },
    "convergence": {
      "best_reward": -12.04812032173598,
      "best_step": 960000,
      "final_reward": -12.824137818386836,
      "auc": -18.094816872688398,
      "steps_to_90pct": null,
      "convergence_speed": 0.2518014509483391,
      "time_to_best_sec": 11044.419178724289,
      "total_time_sec": 11514.066083908081
    },
    "learning_curve": {
      "steps": [
        0,
        160000,
        320000,
        480000,
        640000,
        800000,
        960000,
        1000192
      ],
      "rewards": [
        -38.009117501078954,
        -20.569833902290664,
        -17.949159479989664,
        -18.20378787993355,
        -14.944911883802405,
        -13.29405155472654,
        -12.04812032173598,
        -12.824137818386836
      ],
      "stds": [
        9.240529474228017,
        7.005064330766103,
        2.9569789020122426,
        3.93230510935947,
        3.8576074027001392,
        3.3697270706610736,
        2.975290861888002,
        3.3084579535024035
      ]
    }
  }
}