{
  "algorithm": "VDN",
  "environment": "academy_3_vs_1_with_keeper",
  "final_eval_reward": 2.1341784370442234,
  "final_eval_std": 1.6850802680641315,
  "best_eval_reward": 3.018462158838908,
  "final_win_rate": 0.65,
  "total_time": 1608.8948636054993,
  "metrics": {
    "algorithm": "VDN",
    "environment": "academy_3_vs_1_with_keeper",
    "n_evaluations": 8,
    "stability": {
      "variance": 0.2761387553051989,
      "std": 0.5254890629739108,
      "cv": 0.2439065221772909,
      "oscillation_rate": 0.6666666666666666,
      "monotonicity": 0.5773221867309467,
      "stability_score": 0.5234031367335769
    },
    "convergence": {
      "best_reward": 3.018462158838908,
      "best_step": 640000,
      "final_reward": 2.1341784370442234,
      "auc": 2.142659909180129,
      "steps_to_90pct": 640000,
      "convergence_speed": 0.001750898728892146,
      "time_to_best_sec": 1025.965339422226,
      "total_time_sec": 1608.8941266536713
    },
    "learning_curve": {
      "steps": [
        0,
        160000,
        320000,
        480000,
        640000,
        800000,
        960000,
        1000192
      ],
      "rewards": [
        1.959054946899414,
        1.2435175585746765,
        1.6124294033646585,
        2.2979538062214853,
        3.018462158838908,
        2.310156412124634,
        2.66,
        2.1341784370442234
      ],
      "stds": [
        1.7266960144042969,
        1.733620242539892,
        1.7616411326941703,
        1.6325258020678632,
        1.0618197180706048,
        1.621493508656287,
        1.4133333333333333,
        1.6850802680641315
      ]
    }
  }
}