{
  "algorithm": "H3C",
  "environment": "academy_3_vs_1_with_keeper",
  "final_eval_reward": 1.961213611761729,
  "final_eval_std": 1.7213944995353403,
  "best_eval_reward": 2.6704802253842357,
  "final_win_rate": 0.6,
  "total_time": 12591.353838920593,
  "metrics": {
    "algorithm": "H3C",
    "environment": "academy_3_vs_1_with_keeper",
    "n_evaluations": 8,
    "stability": {
      "variance": 0.8356375781277156,
      "std": 0.9141321447841748,
      "cv": 0.44732882700270415,
      "oscillation_rate": 0.5,
      "monotonicity": 0.5387599950895026,
      "stability_score": 0.5135239545234809
    },
    "convergence": {
      "best_reward": 2.6704802253842357,
      "best_step": 480000,
      "final_reward": 1.961213611761729,
      "auc": 2.19835133004004,
      "steps_to_90pct": 320000,
      "convergence_speed": 0.02177077384563744,
      "time_to_best_sec": 5955.481187582016,
      "total_time_sec": 12591.347818374634
    },
    "learning_curve": {
      "steps": [
        0,
        160000,
        320000,
        480000,
        640000,
        800000,
        960000,
        1000192
      ],
      "rewards": [
        -0.21628177165985107,
        1.9662256007393204,
        2.665383981068929,
        2.6704802253842357,
        1.9654176171620688,
        2.6670314184824626,
        2.6688098588585856,
        1.961213611761729
      ],
      "stds": [
        0.0013372463872656226,
        1.7265549904223945,
        1.4161148810358641,
        1.4056560984950426,
        1.740930364555856,
        1.4169327893117596,
        1.4086225148189717,
        1.7213944995353403
      ]
    }
  }
}