{
  "algorithm": "MAPPO",
  "environment": "simple_spread",
  "final_eval_reward": -30.270731388902146,
  "final_eval_std": 10.205250208254247,
  "best_eval_reward": -26.07376558344106,
  "final_win_rate": 0.0,
  "total_time": 2205.5391590595245,
  "metrics": {
    "algorithm": "MAPPO",
    "environment": "simple_spread",
    "n_evaluations": 8,
    "stability": {
      "variance": 167.91334817028846,
      "std": 12.958138298779206,
      "cv": 0.3699195898644949,
      "oscillation_rate": 0.5,
      "monotonicity": 0.560496745339823,
      "stability_score": 0.5347823539687424
    },
    "convergence": {
      "best_reward": -26.07376558344106,
      "best_step": 480000,
      "final_reward": -30.270731388902146,
      "auc": -33.30946198556831,
      "steps_to_90pct": null,
      "convergence_speed": 0.3854804601758926,
      "time_to_best_sec": 1060.6962714195251,
      "total_time_sec": 2205.542239665985
    },
    "learning_curve": {
      "steps": [
        0,
        160000,
        320000,
        480000,
        640000,
        800000,
        960000,
        1000192
      ],
      "rewards": [
        -68.82617863132678,
        -31.672176388498126,
        -30.677277034098267,
        -26.07376558344106,
        -28.760760375835453,
        -34.22590141680215,
        -29.730074788043595,
        -30.270731388902146
      ],
      "stds": [
        28.550420699600508,
        7.624782718390248,
        6.078384309936533,
        7.909179960694777,
        7.837353057617922,
        6.927211203023198,
        7.856938608634415,
        10.205250208254247
      ]
    }
  }
}