{
  "algorithm": "COMA",
  "environment": "simple_world_comm",
  "final_eval_reward": -269.9854443531473,
  "final_eval_std": 71.34704228290579,
  "best_eval_reward": -269.9854443531473,
  "final_win_rate": 0.0,
  "total_time": 1662.7417738437653,
  "metrics": {
    "algorithm": "COMA",
    "environment": "simple_world_comm",
    "n_evaluations": 8,
    "stability": {
      "variance": 1489.7919666671557,
      "std": 38.59782334105326,
      "cv": 0.12716143131927823,
      "oscillation_rate": 0.8333333333333334,
      "monotonicity": 0.0,
      "stability_score": 0.510075322836781
    },
    "convergence": {
      "best_reward": -269.9854443531473,
      "best_step": 1000192,
      "final_reward": -269.9854443531473,
      "auc": -309.61631358712964,
      "steps_to_90pct": null,
      "convergence_speed": 0.00517998676984207,
      "time_to_best_sec": 1662.7274277210236,
      "total_time_sec": 1662.7274277210236
    },
    "learning_curve": {
      "steps": [
        0,
        160000,
        320000,
        480000,
        640000,
        800000,
        960000,
        1000192
      ],
      "rewards": [
        -270.50354248587746,
        -306.5950051147303,
        -272.69332235091736,
        -294.72044298315575,
        -393.87318740907193,
        -295.4574893295513,
        -324.44390865528135,
        -269.9854443531473
      ],
      "stds": [
        93.55396114643142,
        53.287855249320344,
        66.56492425297253,
        57.10279422985265,
        48.3039081378934,
        108.44768784670869,
        92.87641469283899,
        71.34704228290579
      ]
    }
  }
}