{
  "algorithm": "IPPO",
  "environment": "simple_world_comm",
  "final_eval_reward": -154.92115478932982,
  "final_eval_std": 59.44094446458187,
  "best_eval_reward": -121.65531467821725,
  "final_win_rate": 0.0,
  "total_time": 1957.213527917862,
  "metrics": {
    "algorithm": "IPPO",
    "environment": "simple_world_comm",
    "n_evaluations": 8,
    "stability": {
      "variance": 1821.0419086379172,
      "std": 42.67366762580781,
      "cv": 0.24618034566518693,
      "oscillation_rate": 0.8333333333333334,
      "monotonicity": 0.538675974127991,
      "stability_score": 0.48088166483309364
    },
    "convergence": {
      "best_reward": -121.65531467821725,
      "best_step": 960000,
      "final_reward": -154.92115478932982,
      "auc": -171.83657689002308,
      "steps_to_90pct": null,
      "convergence_speed": 1.0815666276516112,
      "time_to_best_sec": 1877.77374958992,
      "total_time_sec": 1957.2124569416046
    },
    "learning_curve": {
      "steps": [
        0,
        160000,
        320000,
        480000,
        640000,
        800000,
        960000,
        1000192
      ],
      "rewards": [
        -263.09858363374184,
        -162.58268768845542,
        -162.90678191282606,
        -132.5177469282076,
        -213.3992719072718,
        -175.66336729704798,
        -121.65531467821725,
        -154.92115478932982
      ],
      "stds": [
        113.54180979886485,
        85.66559118694667,
        103.01645683544196,
        61.58054387125249,
        52.587600933326996,
        47.82965580465224,
        58.48226278172439,
        59.44094446458187
      ]
    }
  }
}