{
  "algorithm": "IPPO",
  "environment": "academy_3_vs_1_with_keeper",
  "final_eval_reward": 3.0237151317298414,
  "final_eval_std": 1.0520742247686325,
  "best_eval_reward": 3.3739476633071903,
  "final_win_rate": 0.9,
  "total_time": 2093.3015081882477,
  "metrics": {
    "algorithm": "IPPO",
    "environment": "academy_3_vs_1_with_keeper",
    "n_evaluations": 8,
    "stability": {
      "variance": 0.26264507236789464,
      "std": 0.5124890948770467,
      "cv": 0.19545640830873204,
      "oscillation_rate": 0.6666666666666666,
      "monotonicity": 0.5137431448572252,
      "stability_score": 0.5370214318477372
    },
    "convergence": {
      "best_reward": 3.3739476633071903,
      "best_step": 960000,
      "final_reward": 3.0237151317298414,
      "auc": 2.51774945607076,
      "steps_to_90pct": 960000,
      "convergence_speed": 0.003636453118299699,
      "time_to_best_sec": 2009.357095003128,
      "total_time_sec": 2093.298924922943
    },
    "learning_curve": {
      "steps": [
        0,
        160000,
        320000,
        480000,
        640000,
        800000,
        960000,
        1000192
      ],
      "rewards": [
        2.66,
        2.3101818121472997,
        2.66,
        1.6106465395291647,
        2.3173601269721984,
        3.0202466424306236,
        3.3739476633071903,
        3.0237151317298414
      ],
      "stds": [
        1.4133333333333333,
        1.6174688141032703,
        1.4133333333333333,
        1.7700132726608977,
        1.6151062453095826,
        1.0452802409457762,
        0.008918036187420852,
        1.0520742247686325
      ]
    }
  }
}