{
  "algorithm": "COMA",
  "environment": "academy_3_vs_1_with_keeper",
  "final_eval_reward": 2.673686482856671,
  "final_eval_std": 1.4139559232119403,
  "best_eval_reward": 3.3684654760360724,
  "final_win_rate": 0.8,
  "total_time": 1754.437307357788,
  "metrics": {
    "algorithm": "COMA",
    "environment": "academy_3_vs_1_with_keeper",
    "n_evaluations": 8,
    "stability": {
      "variance": 0.2166578119594097,
      "std": 0.4654651565470929,
      "cv": 0.1838901782536846,
      "oscillation_rate": 0.6666666666666666,
      "monotonicity": 0.0,
      "stability_score": 0.5403778882799142
    },
    "convergence": {
      "best_reward": 3.3684654760360724,
      "best_step": 160000,
      "final_reward": 2.673686482856671,
      "auc": 2.4936216339144455,
      "steps_to_90pct": 160000,
      "convergence_speed": 0.0002191589175489991,
      "time_to_best_sec": 295.96126675605774,
      "total_time_sec": 1754.4314985275269
    },
    "learning_curve": {
      "steps": [
        0,
        160000,
        320000,
        480000,
        640000,
        800000,
        960000,
        1000192
      ],
      "rewards": [
        2.6517663832505542,
        3.3684654760360724,
        1.6,
        2.6635446587204936,
        2.3066666666666666,
        2.3204558993379276,
        2.665116117795308,
        2.673686482856671
      ],
      "stds": [
        1.4298005668322247,
        0.005396428108215323,
        1.7666666666666668,
        1.4107404698299422,
        1.6191767455510635,
        1.605963587074108,
        1.4159722676945827,
        1.4139559232119403
      ]
    }
  }
}