{
  "algorithm": "MAPPO",
  "environment": "simple_spread",
  "final_eval_reward": -25.69454056461875,
  "final_eval_std": 5.2008773558386645,
  "best_eval_reward": -25.69454056461875,
  "final_win_rate": 0.0,
  "total_time": 3176.7072961330414,
  "metrics": {
    "algorithm": "MAPPO",
    "environment": "simple_spread",
    "n_evaluations": 8,
    "stability": {
      "variance": 155.91739669312457,
      "std": 12.486688780182062,
      "cv": 0.31460341722590834,
      "oscillation_rate": 0.6666666666666666,
      "monotonicity": 0.8138436729502582,
      "stability_score": 0.5047267447935787
    },
    "convergence": {
      "best_reward": -25.69454056461875,
      "best_step": 1000192,
      "final_reward": -25.69454056461875,
      "auc": -39.730148377332796,
      "steps_to_90pct": null,
      "convergence_speed": 0.43123358381898713,
      "time_to_best_sec": 3176.693605184555,
      "total_time_sec": 3176.693605184555
    },
    "learning_curve": {
      "steps": [
        0,
        160000,
        320000,
        480000,
        640000,
        800000,
        960000,
        1000192
      ],
      "rewards": [
        -68.82617863132678,
        -40.39690047136388,
        -45.95976036406495,
        -36.77690192823177,
        -29.597472213480522,
        -37.46974148255058,
        -32.800517049411084,
        -25.69454056461875
      ],
      "stds": [
        28.550420699600508,
        9.495945312734417,
        9.446532448345549,
        8.724282825912352,
        7.262658384084335,
        9.612887196411588,
        8.439700410039757,
        5.2008773558386645
      ]
    }
  }
}