{
  "algorithm": "QMIX",
  "environment": "simple_spread",
  "final_eval_reward": -81.39098770260382,
  "final_eval_std": 13.926803138427902,
  "best_eval_reward": -60.305174489218814,
  "final_win_rate": 0.0,
  "total_time": 1315.0846736431122,
  "metrics": {
    "algorithm": "QMIX",
    "environment": "simple_spread",
    "n_evaluations": 8,
    "stability": {
      "variance": 87.4237138317184,
      "std": 9.350064910561766,
      "cv": 0.12499884853164431,
      "oscillation_rate": 0.3333333333333333,
      "monotonicity": 0.0,
      "stability_score": 0.685714827139834
    },
    "convergence": {
      "best_reward": -60.305174489218814,
      "best_step": 160000,
      "final_reward": -81.39098770260382,
      "auc": -74.16159634558407,
      "steps_to_90pct": null,
      "convergence_speed": -0.20249396238722717,
      "time_to_best_sec": 232.47742533683777,
      "total_time_sec": 1315.0851294994354
    },
    "learning_curve": {
      "steps": [
        0,
        160000,
        320000,
        480000,
        640000,
        800000,
        960000,
        1000192
      ],
      "rewards": [
        -61.13770357980327,
        -60.305174489218814,
        -71.60156864958985,
        -75.73912906149711,
        -77.52042638008031,
        -82.37716569576382,
        -88.3375111157554,
        -81.39098770260382
      ],
      "stds": [
        15.118254844000436,
        8.799596737441664,
        13.030611974925149,
        19.68424766522689,
        17.39670151457767,
        14.356767463982639,
        14.107027112671453,
        13.926803138427902
      ]
    }
  }
}