{
  "algorithm": "FACMAC",
  "environment": "simple_world_comm",
  "final_eval_reward": -312.8511370533813,
  "final_eval_std": 101.11989576107823,
  "best_eval_reward": -263.09858363374184,
  "final_win_rate": 0.0,
  "total_time": 1032.1818668842316,
  "metrics": {
    "algorithm": "FACMAC",
    "environment": "simple_world_comm",
    "n_evaluations": 8,
    "stability": {
      "variance": 399.92314095082645,
      "std": 19.99807843146002,
      "cv": 0.06734001110481988,
      "oscillation_rate": 0.3333333333333333,
      "monotonicity": 0.0,
      "stability_score": 0.7139423363561803
    },
    "convergence": {
      "best_reward": -263.09858363374184,
      "best_step": 0,
      "final_reward": -312.8511370533813,
      "auc": -296.71742598414176,
      "steps_to_90pct": null,
      "convergence_speed": -0.4974300276310895,
      "time_to_best_sec": 0.2133960723876953,
      "total_time_sec": 1032.1816008090973
    },
    "learning_curve": {
      "steps": [
        0,
        160000,
        320000,
        480000,
        640000,
        800000,
        960000,
        1000192
      ],
      "rewards": [
        -263.09858363374184,
        -280.140242375542,
        -315.10687493482385,
        -323.01790208572874,
        -293.8090095524109,
        -278.3818903640896,
        -309.36806165072926,
        -312.8511370533813
      ],
      "stds": [
        113.54180979886485,
        47.8070232064643,
        90.0498550571976,
        95.60920399592125,
        84.37621593426697,
        70.82111998310056,
        97.10300310114175,
        101.11989576107823
      ]
    }
  }
}