{
  "algorithm": "MAPPO",
  "environment": "simple_world_comm",
  "final_eval_reward": -56.851767429854135,
  "final_eval_std": 13.005481910480826,
  "best_eval_reward": -54.397212860449656,
  "final_win_rate": 0.0,
  "total_time": 1757.8511581420898,
  "metrics": {
    "algorithm": "MAPPO",
    "environment": "simple_world_comm",
    "n_evaluations": 8,
    "stability": {
      "variance": 4721.328604917991,
      "std": 68.71192476505072,
      "cv": 0.6592942001471525,
      "oscillation_rate": 0.5,
      "monotonicity": 0.5913739960727149,
      "stability_score": 0.4631142898137047
    },
    "convergence": {
      "best_reward": -54.397212860449656,
      "best_step": 320000,
      "final_reward": -56.851767429854135,
      "auc": -100.49495423014199,
      "steps_to_90pct": null,
      "convergence_speed": 2.136107617897597,
      "time_to_best_sec": 562.631712436676,
      "total_time_sec": 1757.8501410484314
    },
    "learning_curve": {
      "steps": [
        0,
        160000,
        320000,
        480000,
        640000,
        800000,
        960000,
        1000192
      ],
      "rewards": [
        -270.50354248587746,
        -93.5021423462521,
        -54.397212860449656,
        -66.62000724359463,
        -141.21754672131019,
        -95.68611573821069,
        -54.985101888615375,
        -56.851767429854135
      ],
      "stds": [
        93.55396114643142,
        45.30235691138403,
        9.334931685460495,
        10.550650412551995,
        102.7355664982276,
        50.6502562830603,
        8.766838352095016,
        13.005481910480826
      ]
    }
  }
}