{
  "algorithm": "FACMAC",
  "environment": "simple_spread",
  "final_eval_reward": -24.88847719527462,
  "final_eval_std": 5.966813075598884,
  "best_eval_reward": -19.561722652523695,
  "final_win_rate": 0.0,
  "total_time": 2223.251816034317,
  "metrics": {
    "algorithm": "FACMAC",
    "environment": "simple_spread",
    "n_evaluations": 8,
    "stability": {
      "variance": 164.31356012799054,
      "std": 12.818485094892864,
      "cv": 0.4320488626378512,
      "oscillation_rate": 0.8333333333333334,
      "monotonicity": 0.6535322691049589,
      "stability_score": 0.4414266174504357
    },
    "convergence": {
      "best_reward": -19.561722652523695,
      "best_step": 960000,
      "final_reward": -24.88847719527462,
      "auc": -28.28004507916008,
      "steps_to_90pct": null,
      "convergence_speed": 0.38068005612090106,
      "time_to_best_sec": 2133.9402108192444,
      "total_time_sec": 2223.251425743103
    },
    "learning_curve": {
      "steps": [
        0,
        160000,
        320000,
        480000,
        640000,
        800000,
        960000,
        1000192
      ],
      "rewards": [
        -62.96379186444225,
        -26.944395176742468,
        -27.323210358441088,
        -23.42159954344616,
        -27.51639666939173,
        -24.732913691457608,
        -19.561722652523695,
        -24.88847719527462
      ],
      "stds": [
        14.50135848052424,
        8.75994771190351,
        6.9847821617003145,
        5.5885397050129715,
        10.83827227771056,
        4.9921109671185135,
        6.218542512431438,
        5.966813075598884
      ]
    }
  }
}