{
  "algorithm": "MAPPO",
  "environment": "simple_spread",
  "final_eval_reward": -35.88515933466032,
  "final_eval_std": 9.088531769756065,
  "best_eval_reward": -32.784323185852074,
  "final_win_rate": 0.0,
  "total_time": 1460.1743423938751,
  "metrics": {
    "algorithm": "MAPPO",
    "environment": "simple_spread",
    "n_evaluations": 8,
    "stability": {
      "variance": 128.97924086337255,
      "std": 11.35690278479888,
      "cv": 0.2772712031638164,
      "oscillation_rate": 0.8333333333333334,
      "monotonicity": 0.6618545125326972,
      "stability_score": 0.4737979013632005
    },
    "convergence": {
      "best_reward": -32.784323185852074,
      "best_step": 960000,
      "final_reward": -35.88515933466032,
      "auc": -39.93006943944835,
      "steps_to_90pct": null,
      "convergence_speed": 0.3293469583506613,
      "time_to_best_sec": 1399.808377981186,
      "total_time_sec": 1460.1759462356567
    },
    "learning_curve": {
      "steps": [
        0,
        160000,
        320000,
        480000,
        640000,
        800000,
        960000,
        1000192
      ],
      "rewards": [
        -68.82617863132678,
        -37.85315334641678,
        -36.44552283103205,
        -47.43372160818506,
        -34.10355560621732,
        -34.34475877486256,
        -32.784323185852074,
        -35.88515933466032
      ],
      "stds": [
        28.550420699600508,
        11.168801626438858,
        8.07173873591479,
        6.31074165458712,
        11.63544785194114,
        5.841915764646937,
        8.402565698952627,
        9.088531769756065
      ]
    }
  }
}