{
  "algorithm": "H3C",
  "environment": "simple_world_comm",
  "final_eval_reward": -36.677649767898124,
  "final_eval_std": 12.619706773040908,
  "best_eval_reward": -35.41666844491941,
  "final_win_rate": 0.0,
  "total_time": 8010.7916576862335,
  "metrics": {
    "algorithm": "H3C",
    "environment": "simple_world_comm",
    "n_evaluations": 8,
    "stability": {
      "variance": 4297.49604377258,
      "std": 65.55528997550526,
      "cv": 1.0218480537083947,
      "oscillation_rate": 0.8333333333333334,
      "monotonicity": 0.6186875263768294,
      "stability_score": 0.3502404451564832
    },
    "convergence": {
      "best_reward": -35.41666844491941,
      "best_step": 960000,
      "final_reward": -36.677649767898124,
      "auc": -55.87355765638431,
      "steps_to_90pct": null,
      "convergence_speed": 2.005269253343624,
      "time_to_best_sec": 7676.201104879379,
      "total_time_sec": 8010.786486387253
    },
    "learning_curve": {
      "steps": [
        0,
        160000,
        320000,
        480000,
        640000,
        800000,
        960000,
        1000192
      ],
      "rewards": [
        -237.2430762719247,
        -44.69830804188421,
        -47.63980221681277,
        -39.14979256476322,
        -35.833074751096675,
        -36.57088732108078,
        -35.41666844491941,
        -36.677649767898124
      ],
      "stds": [
        148.92492103883814,
        6.854104745442415,
        39.77426467535335,
        9.999855721911134,
        4.827460895542358,
        15.724717670754039,
        10.205941218517168,
        12.619706773040908
      ]
    }
  }
}