{
  "algorithm": "VDN",
  "environment": "simple_world_comm",
  "final_eval_reward": -109.9989433917106,
  "final_eval_std": 43.2948192947737,
  "best_eval_reward": -90.15270367960758,
  "final_win_rate": 0.0,
  "total_time": 729.4633274078369,
  "metrics": {
    "algorithm": "VDN",
    "environment": "simple_world_comm",
    "n_evaluations": 8,
    "stability": {
      "variance": 2685.6918861341533,
      "std": 51.8236614504818,
      "cv": 0.39052074946415566,
      "oscillation_rate": 0.6666666666666666,
      "monotonicity": 0.5643817833122331,
      "stability_score": 0.48610058187153876
    },
    "convergence": {
      "best_reward": -90.15270367960758,
      "best_step": 800000,
      "final_reward": -109.9989433917106,
      "auc": -126.59029593544139,
      "steps_to_90pct": null,
      "convergence_speed": 1.5374765436032996,
      "time_to_best_sec": 586.7554323673248,
      "total_time_sec": 729.4628305435181
    },
    "learning_curve": {
      "steps": [
        0,
        160000,
        320000,
        480000,
        640000,
        800000,
        960000,
        1000192
      ],
      "rewards": [
        -263.77611730167774,
        -96.31817645314398,
        -117.39367587015674,
        -133.78153803615652,
        -137.44494001758412,
        -90.15270367960758,
        -112.76582153795471,
        -109.9989433917106
      ],
      "stds": [
        32.210792593245145,
        36.096242344231364,
        63.73636219676571,
        70.60371670194685,
        51.128376867267775,
        29.093523299990387,
        52.47139543296629,
        43.2948192947737
      ]
    }
  }
}