{
  "algorithm": "QMIX",
  "environment": "simple_world_comm",
  "final_eval_reward": -155.60165620622425,
  "final_eval_std": 63.00654854232834,
  "best_eval_reward": -119.03234578694196,
  "final_win_rate": 0.0,
  "total_time": 1152.2938160896301,
  "metrics": {
    "algorithm": "QMIX",
    "environment": "simple_world_comm",
    "n_evaluations": 8,
    "stability": {
      "variance": 2315.2799694679406,
      "std": 48.117356218603085,
      "cv": 0.2586555588897771,
      "oscillation_rate": 0.5,
      "monotonicity": 0.7359295797765509,
      "stability_score": 0.568616176684018
    },
    "convergence": {
      "best_reward": -119.03234578694196,
      "best_step": 800000,
      "final_reward": -155.60165620622425,
      "auc": -184.0449182289295,
      "steps_to_90pct": null,
      "convergence_speed": 1.046614077010472,
      "time_to_best_sec": 930.1120345592499,
      "total_time_sec": 1152.2931447029114
    },
    "learning_curve": {
      "steps": [
        0,
        160000,
        320000,
        480000,
        640000,
        800000,
        960000,
        1000192
      ],
      "rewards": [
        -260.28315889755004,
        -262.89573805003926,
        -182.08512385704074,
        -167.15173047973278,
        -150.13199071001796,
        -119.03234578694196,
        -191.0478204613723,
        -155.60165620622425
      ],
      "stds": [
        79.57782642968908,
        89.42583504701867,
        67.93593127694047,
        52.20048899470049,
        30.679075241577415,
        24.345632298572276,
        91.26678471119433,
        63.00654854232834
      ]
    }
  }
}