{
  "algorithm": "IPPO",
  "environment": "academy_3_vs_1_with_keeper",
  "final_eval_reward": 3.342668056488037,
  "final_eval_std": 2.384185791015625e-07,
  "best_eval_reward": 3.342668056488037,
  "final_win_rate": 1.0,
  "total_time": 1485.2409043312073,
  "metrics": {
    "algorithm": "IPPO",
    "environment": "academy_3_vs_1_with_keeper",
    "n_evaluations": 8,
    "stability": {
      "variance": 0.0,
      "std": 0.0,
      "cv": 0.0,
      "oscillation_rate": 0.0,
      "monotonicity": 0.0,
      "stability_score": 1.0
    },
    "convergence": {
      "best_reward": 3.342668056488037,
      "best_step": 0,
      "final_reward": 3.342668056488037,
      "auc": 3.342668056488037,
      "steps_to_90pct": 0,
      "convergence_speed": 0.0,
      "time_to_best_sec": 0.16080260276794434,
      "total_time_sec": 1485.231053352356
    },
    "learning_curve": {
      "steps": [
        0,
        160000,
        320000,
        480000,
        640000,
        800000,
        960000,
        1000192
      ],
      "rewards": [
        3.342668056488037,
        3.342668056488037,
        3.342668056488037,
        3.342668056488037,
        3.342668056488037,
        3.342668056488037,
        3.342668056488037,
        3.342668056488037
      ],
      "stds": [
        2.384185791015625e-07,
        2.384185791015625e-07,
        2.384185791015625e-07,
        2.384185791015625e-07,
        2.384185791015625e-07,
        2.384185791015625e-07,
        2.384185791015625e-07,
        2.384185791015625e-07
      ]
    }
  }
}