{
  "algorithm": "H3C",
  "environment": "2c_vs_64zg",
  "final_eval_reward": 31.68999999999999,
  "final_eval_std": 0.3604164258188018,
  "best_eval_reward": 31.68999999999999,
  "final_win_rate": 1.0,
  "total_time": 1428.7938868999481,
  "metrics": {
    "algorithm": "H3C",
    "environment": "2c_vs_64zg",
    "n_evaluations": 2,
    "stability": {},
    "convergence": {},
    "learning_curve": {
      "steps": [
        0,
        100096
      ],
      "rewards": [
        15.199999999999998,
        31.68999999999999
      ],
      "stds": [
        0.5709640969448078,
        0.3604164258188018
      ]
    }
  }
}