{
  "algorithm": "IPPO",
  "environment": "simple_world_comm",
  "final_eval_reward": -261.78407941049943,
  "final_eval_std": 75.32800337857512,
  "best_eval_reward": -257.4785176983649,
  "final_win_rate": 0.0,
  "total_time": 1289.640506029129,
  "metrics": {
    "algorithm": "IPPO",
    "environment": "simple_world_comm",
    "n_evaluations": 8,
    "stability": {
      "variance": 603.81519637068,
      "std": 24.572651390736816,
      "cv": 0.08625944974093872,
      "oscillation_rate": 0.6666666666666666,
      "monotonicity": 0.0,
      "stability_score": 0.5704746997833373
    },
    "convergence": {
      "best_reward": -257.4785176983649,
      "best_step": 160000,
      "final_reward": -261.78407941049943,
      "auc": -290.75437280620275,
      "steps_to_90pct": null,
      "convergence_speed": 0.01314251886880128,
      "time_to_best_sec": 206.05143690109253,
      "total_time_sec": 1289.6403679847717
    },
    "learning_curve": {
      "steps": [
        0,
        160000,
        320000,
        480000,
        640000,
        800000,
        960000,
        1000192
      ],
      "rewards": [
        -263.09858363374184,
        -257.4785176983649,
        -324.20334698037743,
        -286.19407550601244,
        -318.12543617359466,
        -298.4754131316103,
        -269.593308192687,
        -261.78407941049943
      ],
      "stds": [
        113.54180979886485,
        101.67596149326035,
        80.6317153692915,
        98.9628509595541,
        73.14882058476176,
        98.82975663949897,
        106.79687990618552,
        75.32800337857512
      ]
    }
  }
}