{
  "algorithm": "IPPO",
  "environment": "simple_world_comm",
  "final_eval_reward": -76.73361186592545,
  "final_eval_std": 14.580360502282351,
  "best_eval_reward": -76.5466092353538,
  "final_win_rate": 0.0,
  "total_time": 1364.4557964801788,
  "metrics": {
    "algorithm": "IPPO",
    "environment": "simple_world_comm",
    "n_evaluations": 8,
    "stability": {
      "variance": 3610.750574082209,
      "std": 60.08952133344223,
      "cv": 0.5220366126973268,
      "oscillation_rate": 0.5,
      "monotonicity": 0.7428965570017313,
      "stability_score": 0.49455088682397036
    },
    "convergence": {
      "best_reward": -76.5466092353538,
      "best_step": 960000,
      "final_reward": -76.73361186592545,
      "auc": -110.94564311444427,
      "steps_to_90pct": null,
      "convergence_speed": 1.8632919656207645,
      "time_to_best_sec": 1308.0203368663788,
      "total_time_sec": 1364.454868555069
    },
    "learning_curve": {
      "steps": [
        0,
        160000,
        320000,
        480000,
        640000,
        800000,
        960000,
        1000192
      ],
      "rewards": [
        -263.09858363374184,
        -148.29073482218908,
        -92.05817839176453,
        -79.4003501177132,
        -85.92435312886428,
        -98.7951955716144,
        -76.5466092353538,
        -76.73361186592545
      ],
      "stds": [
        113.54180979886485,
        91.03768534756001,
        52.89107012085256,
        14.664870651201573,
        41.47823401622359,
        34.5410965925017,
        14.557990852398603,
        14.580360502282351
      ]
    }
  }
}