{
  "algorithm": "H3C",
  "environment": "simple_spread",
  "final_eval_reward": -14.91092843011092,
  "final_eval_std": 2.2776929068336353,
  "best_eval_reward": -14.91092843011092,
  "final_win_rate": 0.0,
  "total_time": 13407.042679071426,
  "metrics": {
    "algorithm": "H3C",
    "environment": "simple_spread",
    "n_evaluations": 8,
    "stability": {
      "variance": 51.85356962981744,
      "std": 7.200942273745669,
      "cv": 0.3478230007565426,
      "oscillation_rate": 0.6666666666666666,
      "monotonicity": 0.8055220706780976,
      "stability_score": 0.496403638187496
    },
    "convergence": {
      "best_reward": -14.91092843011092,
      "best_step": 1000192,
      "final_reward": -14.91092843011092,
      "auc": -20.425534912309892,
      "steps_to_90pct": null,
      "convergence_speed": 0.23093755069994595,
      "time_to_best_sec": 13406.975069284439,
      "total_time_sec": 13406.975069284439
    },
    "learning_curve": {
      "steps": [
        0,
        160000,
        320000,
        480000,
        640000,
        800000,
        960000,
        1000192
      ],
      "rewards": [
        -38.009117501078954,
        -20.10495412111545,
        -24.86316134013014,
        -18.954314301224443,
        -17.36713690914015,
        -15.664695297164055,
        -15.748833941329853,
        -14.91092843011092
      ],
      "stds": [
        9.240529474228017,
        5.764432705501373,
        3.3689830293049488,
        3.4140696841115417,
        2.2993024454596536,
        2.0710417504124394,
        3.007845251124152,
        2.2776929068336353
      ]
    }
  }
}