{
  "algorithm": "MAPPO",
  "environment": "simple_world_comm",
  "final_eval_reward": -65.00099516320071,
  "final_eval_std": 13.543138848275323,
  "best_eval_reward": -59.24332196707195,
  "final_win_rate": 0.0,
  "total_time": 1144.9741830825806,
  "metrics": {
    "algorithm": "MAPPO",
    "environment": "simple_world_comm",
    "n_evaluations": 8,
    "stability": {
      "variance": 4424.1442259479245,
      "std": 66.51424077555065,
      "cv": 0.6920590261878684,
      "oscillation_rate": 0.6666666666666666,
      "monotonicity": 0.61456188441039,
      "stability_score": 0.42395773405503456
    },
    "convergence": {
      "best_reward": -59.24332196707195,
      "best_step": 640000,
      "final_reward": -65.00099516320071,
      "auc": -87.83109409217853,
      "steps_to_90pct": null,
      "convergence_speed": 2.0546309840778245,
      "time_to_best_sec": 738.7908382415771,
      "total_time_sec": 1144.9668700695038
    },
    "learning_curve": {
      "steps": [
        0,
        160000,
        320000,
        480000,
        640000,
        800000,
        960000,
        1000192
      ],
      "rewards": [
        -270.50354248587746,
        -90.63152206071877,
        -64.06355620919379,
        -70.1259690541236,
        -59.24332196707195,
        -75.20622834416643,
        -74.11004079014575,
        -65.00099516320071
      ],
      "stds": [
        93.55396114643142,
        37.21449347992571,
        12.533915613020737,
        9.349745241436683,
        7.187889984308031,
        16.53835470764312,
        8.913077475508521,
        13.543138848275323
      ]
    }
  }
}