{
  "algorithm": "QMIX",
  "environment": "academy_3_vs_1_with_keeper",
  "final_eval_reward": 1.7775590042273204,
  "final_eval_std": 1.7620239664849993,
  "best_eval_reward": 2.3070454917351406,
  "final_win_rate": 0.55,
  "total_time": 1624.7037036418915,
  "metrics": {
    "algorithm": "QMIX",
    "environment": "academy_3_vs_1_with_keeper",
    "n_evaluations": 8,
    "stability": {
      "variance": 0.9229892462957034,
      "std": 0.9607232933033858,
      "cv": 0.7165554408274944,
      "oscillation_rate": 0.5,
      "monotonicity": 0.7785361301846546,
      "stability_score": 0.45115045695706824
    },
    "convergence": {
      "best_reward": 2.3070454917351406,
      "best_step": 480000,
      "final_reward": 1.7775590042273204,
      "auc": 1.3684559187854979,
      "steps_to_90pct": 480000,
      "convergence_speed": 0.02006735039987582,
      "time_to_best_sec": 781.8513827323914,
      "total_time_sec": 1624.6999549865723
    },
    "learning_curve": {
      "steps": [
        0,
        160000,
        320000,
        480000,
        640000,
        800000,
        960000,
        1000192
      ],
      "rewards": [
        -0.22956132888793945,
        -0.21106763184070587,
        1.22121471375227,
        2.3070454917351406,
        1.603346382379532,
        2.3023284616072974,
        1.9551526141166686,
        1.7775590042273204
      ],
      "stds": [
        0.0009188998956233263,
        0.002420507138594985,
        1.755183287049352,
        1.6222593785494168,
        1.7666894914495144,
        1.6294800458379721,
        1.7287517763370317,
        1.7620239664849993
      ]
    }
  }
}