{
  "algorithm": "QMIX",
  "environment": "academy_3_vs_1_with_keeper",
  "final_eval_reward": -0.47266659140586853,
  "final_eval_std": 0.00945603009313345,
  "best_eval_reward": -0.4688332676887512,
  "final_win_rate": 0.0,
  "total_time": 1116.3594942092896,
  "metrics": {
    "algorithm": "QMIX",
    "environment": "academy_3_vs_1_with_keeper",
    "n_evaluations": 8,
    "stability": {
      "variance": 5.0898324843728915e-06,
      "std": 0.002256065607070923,
      "cv": 0.004770325496792793,
      "oscillation_rate": 0.8333333333333334,
      "monotonicity": 0.0,
      "stability_score": 0.5440389721928118
    },
    "convergence": {
      "best_reward": -0.4688332676887512,
      "best_step": 320000,
      "final_reward": -0.47266659140586853,
      "auc": -0.4729767591104442,
      "steps_to_90pct": null,
      "convergence_speed": -1.166447556580245e-05,
      "time_to_best_sec": 374.62311911582947,
      "total_time_sec": 1116.358763217926
    },
    "learning_curve": {
      "steps": [
        0,
        160000,
        320000,
        480000,
        640000,
        800000,
        960000,
        1000192
      ],
      "rewards": [
        -0.4714999198913574,
        -0.47249993681907654,
        -0.4688332676887512,
        -0.4731666147708893,
        -0.4728333055973053,
        -0.4771665930747986,
        -0.47483325004577637,
        -0.47266659140586853
      ],
      "stds": [
        0.0026666640769690275,
        0.004818939603865147,
        0.0032659831922501326,
        0.006403118371963501,
        0.008027722127735615,
        0.013585110194981098,
        0.006531966384500265,
        0.00945603009313345
      ]
    }
  }
}