{
  "algorithm": "IPPO",
  "environment": "simple_spread",
  "final_eval_reward": -56.50774772764854,
  "final_eval_std": 14.5132119918081,
  "best_eval_reward": -47.58106962235077,
  "final_win_rate": 0.0,
  "total_time": 1488.9016597270966,
  "metrics": {
    "algorithm": "IPPO",
    "environment": "simple_spread",
    "n_evaluations": 8,
    "stability": {
      "variance": 25.105750505623213,
      "std": 5.010563890983051,
      "cv": 0.09046071084983769,
      "oscillation_rate": 0.6666666666666666,
      "monotonicity": 0.3213570846298647,
      "stability_score": 0.5691107046623928
    },
    "convergence": {
      "best_reward": -47.58106962235077,
      "best_step": 800000,
      "final_reward": -56.50774772764854,
      "auc": -54.45872373929545,
      "steps_to_90pct": null,
      "convergence_speed": 0.06454804814269367,
      "time_to_best_sec": 1191.1337666511536,
      "total_time_sec": 1488.9013056755066
    },
    "learning_curve": {
      "steps": [
        0,
        160000,
        320000,
        480000,
        640000,
        800000,
        960000,
        1000192
      ],
      "rewards": [
        -62.96379186444225,
        -58.47469332097105,
        -49.30698141575018,
        -58.686020540107165,
        -51.393714800573186,
        -47.58106962235077,
        -58.2011270660448,
        -56.50774772764854
      ],
      "stds": [
        14.50135848052424,
        9.690946198702877,
        14.003792562732466,
        11.06697913467505,
        9.512802966159907,
        9.793704569476972,
        13.153073926639014,
        14.5132119918081
      ]
    }
  }
}