{
  "algorithm": "IPPO",
  "environment": "simple_spread",
  "final_eval_reward": -20.533454636990722,
  "final_eval_std": 3.767794024133467,
  "best_eval_reward": -18.06652107732314,
  "final_win_rate": 0.0,
  "total_time": 2358.0081021785736,
  "metrics": {
    "algorithm": "IPPO",
    "environment": "simple_spread",
    "n_evaluations": 8,
    "stability": {
      "variance": 184.36851720875978,
      "std": 13.578236896179114,
      "cv": 0.4939219906594041,
      "oscillation_rate": 0.5,
      "monotonicity": 0.6758561212149654,
      "stability_score": 0.5015241341860586
    },
    "convergence": {
      "best_reward": -18.06652107732314,
      "best_step": 960000,
      "final_reward": -20.533454636990722,
      "auc": -26.190931514605197,
      "steps_to_90pct": null,
      "convergence_speed": 0.42422192166555556,
      "time_to_best_sec": 2262.0472877025604,
      "total_time_sec": 2358.0074758529663
    },
    "learning_curve": {
      "steps": [
        0,
        160000,
        320000,
        480000,
        640000,
        800000,
        960000,
        1000192
      ],
      "rewards": [
        -62.96379186444225,
        -24.46150441971026,
        -23.712185557247956,
        -24.774960656887664,
        -23.885771599466302,
        -21.527015430187294,
        -18.06652107732314,
        -20.533454636990722
      ],
      "stds": [
        14.50135848052424,
        8.420237440774654,
        6.900259845133743,
        5.244626309129787,
        4.892340378162474,
        6.2213641843649246,
        4.334945041325938,
        3.767794024133467
      ]
    }
  }
}