{
  "algorithm": "COMA",
  "environment": "simple_spread",
  "final_eval_reward": -65.75099735369106,
  "final_eval_std": 16.697822376867332,
  "best_eval_reward": -62.626369843756116,
  "final_win_rate": 0.0,
  "total_time": 1131.4260070323944,
  "metrics": {
    "algorithm": "COMA",
    "environment": "simple_spread",
    "n_evaluations": 8,
    "stability": {
      "variance": 8.437940045723533,
      "std": 2.9048132548794823,
      "cv": 0.042784904504896026,
      "oscillation_rate": 0.8333333333333334,
      "monotonicity": 0.557985127649264,
      "stability_score": 0.5330154463783994
    },
    "convergence": {
      "best_reward": -62.626369843756116,
      "best_step": 640000,
      "final_reward": -65.75099735369106,
      "auc": -68.12071205661691,
      "steps_to_90pct": null,
      "convergence_speed": 0.030745909561721362,
      "time_to_best_sec": 721.3125019073486,
      "total_time_sec": 1131.4256608486176
    },
    "learning_curve": {
      "steps": [
        0,
        160000,
        320000,
        480000,
        640000,
        800000,
        960000,
        1000192
      ],
      "rewards": [
        -68.82617863132678,
        -73.46640897738516,
        -68.06517404111727,
        -69.48563867815497,
        -62.626369843756116,
        -67.07035383970717,
        -67.85619444519813,
        -65.75099735369106
      ],
      "stds": [
        28.550420699600508,
        13.972648710914852,
        14.133217433079928,
        17.98750008182156,
        13.1442195708079,
        22.3746555981972,
        16.84236362996564,
        16.697822376867332
      ]
    }
  }
}